{
  "version": "7",
  "dialect": "mysql",
  "entries": [
    {
      "idx": 0,
      "version": "5",
      "when": 1763231076960,
      "tag": "0000_lonely_sasquatch",
      "breakpoints": true
    },
    {
      "idx": 1,
      "version": "5",
      "when": 1763231134315,
      "tag": "0001_chief_darkstar",
      "breakpoints": true
    },
    {
      "idx": 2,
      "version": "5",
      "when": 1763231783559,
      "tag": "0002_third_morg",
      "breakpoints": true
    },
    {
      "idx": 3,
      "version": "5",
      "when": 1763233320259,
      "tag": "0003_tan_mantis",
      "breakpoints": true
    },
    {
      "idx": 4,
      "version": "5",
      "when": 1763235418543,
      "tag": "0004_sudden_black_panther",
      "breakpoints": true
    }
  ]
}